system:index,CLOUD_COVERAGE_ASSESSMENT
COPERNICUS/S2/20160104T081332_20160104T082038_T35MQT,56
COPERNICUS/S2/20160104T081332_20160104T082038_T35MRT,51
COPERNICUS/S2/20160104T083120_20160104T120805_T35MQT,56.385
COPERNICUS/S2/20160104T083120_20160104T120805_T35MRT,56.385
COPERNICUS/S2/20160114T081542_20160114T082227_T35MQT,99
COPERNICUS/S2/20160114T081542_20160114T082227_T35MRT,100
COPERNICUS/S2/20160114T083309_20160114T121047_T35MQT,75.769
COPERNICUS/S2/20160114T083309_20160114T121047_T35MRT,75.769
COPERNICUS/S2/20160124T081222_20160124T081224_T35MQT,5.059
COPERNICUS/S2/20160124T081222_20160124T081224_T35MRT,9.185
COPERNICUS/S2/20160124T081224_20160124T120244_T35MQT,36.216
COPERNICUS/S2/20160124T081224_20160124T120244_T35MRT,36.216
COPERNICUS/S2/20160203T081132_20160203T082822_T35MQT,65.619
COPERNICUS/S2/20160203T081132_20160203T082822_T35MRT,81.835
COPERNICUS/S2/20160203T082822_20160203T134646_T35MQT,86.37
COPERNICUS/S2/20160203T082822_20160203T134646_T35MRT,86.37
COPERNICUS/S2/20160213T081042_20160213T082324_T35MQT,56.553
COPERNICUS/S2/20160213T081042_20160213T082324_T35MRT,46.221
COPERNICUS/S2/20160213T082324_20160213T135037_T35MQT,61.972
COPERNICUS/S2/20160213T082324_20160213T135037_T35MRT,61.972
COPERNICUS/S2/20160304T080822_20160304T082822_T35MQT,81.701
COPERNICUS/S2/20160304T080822_20160304T082822_T35MRT,86.624
COPERNICUS/S2/20160304T082822_20160304T154432_T35MQT,58.984
COPERNICUS/S2/20160304T082822_20160304T154432_T35MRT,58.984
COPERNICUS/S2/20160314T081002_20160314T082117_T35MQT,93.449
COPERNICUS/S2/20160314T081002_20160314T082117_T35MRT,80.32
COPERNICUS/S2/20160314T082117_20160314T135640_T35MQT,51.549
COPERNICUS/S2/20160314T082117_20160314T135640_T35MRT,51.549
COPERNICUS/S2/20160324T081002_20160324T082216_T35MQT,13.338
COPERNICUS/S2/20160324T081002_20160324T082216_T35MRT,28.188
COPERNICUS/S2/20160324T082216_20160324T134536_T35MQT,69.777
COPERNICUS/S2/20160324T082216_20160324T134536_T35MRT,69.777
COPERNICUS/S2/20160403T080542_20160403T082619_T35MQT,99.502
COPERNICUS/S2/20160403T080542_20160403T082619_T35MRT,99.971
COPERNICUS/S2/20160403T082619_20160403T115822_T35MQT,99.54
COPERNICUS/S2/20160403T082619_20160403T115822_T35MRT,99.54
COPERNICUS/S2/20160413T081002_20160413T082739_T35MQT,44.44
COPERNICUS/S2/20160413T081002_20160413T082739_T35MRT,40.353
COPERNICUS/S2/20160413T082739_20160413T115726_T35MQT,58.344
COPERNICUS/S2/20160413T082739_20160413T115726_T35MRT,58.344
COPERNICUS/S2/20160423T081002_20160423T082623_T35MQT,81.511
COPERNICUS/S2/20160423T081002_20160423T082623_T35MRT,47.33
COPERNICUS/S2/20160423T082623_20160423T115135_T35MQT,50.124
COPERNICUS/S2/20160423T082623_20160423T115135_T35MRT,50.124
COPERNICUS/S2/20160503T080612_20160503T082019_T35MQT,46.794
COPERNICUS/S2/20160503T080612_20160503T082019_T35MRT,56.058
COPERNICUS/S2/20160503T082019_20160503T133307_T35MQT,46.664
COPERNICUS/S2/20160503T082019_20160503T133307_T35MRT,46.664
COPERNICUS/S2/20160513T081012_20160513T082745_T35MQT,35.867
COPERNICUS/S2/20160513T081012_20160513T082745_T35MRT,23.717
COPERNICUS/S2/20160513T082745_20160513T115135_T35MQT,19.586
COPERNICUS/S2/20160513T082745_20160513T115135_T35MRT,19.586
COPERNICUS/S2/20160523T080612_20160523T082707_T35MQT,50.492
COPERNICUS/S2/20160523T080612_20160523T082707_T35MRT,49.2
COPERNICUS/S2/20160523T082707_20160523T115650_T35MQT,39.558
COPERNICUS/S2/20160523T082707_20160523T115650_T35MRT,39.558
COPERNICUS/S2/20160602T081012_20160602T082521_T35MQT,42.676
COPERNICUS/S2/20160602T081012_20160602T082521_T35MRT,26.925
COPERNICUS/S2/20160602T081012_20160602T115109_T35MQT,15.098
COPERNICUS/S2/20160602T081012_20160602T115109_T35MRT,15.098
COPERNICUS/S2/20160612T080612_20160612T082523_T35MQT,18.42
COPERNICUS/S2/20160612T080612_20160612T082523_T35MRT,2.484
COPERNICUS/S2/20160612T082523_20160612T115644_T35MQT,13.277
COPERNICUS/S2/20160612T082523_20160612T115644_T35MRT,13.277
COPERNICUS/S2/20160622T081002_20160622T082224_T35MQT,87.197
COPERNICUS/S2/20160622T081002_20160622T082224_T35MRT,83.976
COPERNICUS/S2/20160622T082224_20160622T134212_T35MQT,62.342
COPERNICUS/S2/20160622T082224_20160622T134212_T35MRT,62.342
COPERNICUS/S2/20160702T080612_20160702T082522_T35MQT,0.007
COPERNICUS/S2/20160702T080612_20160702T082522_T35MRT,0
COPERNICUS/S2/20160702T082522_20160702T115814_T35MQT,1.457
COPERNICUS/S2/20160702T082522_20160702T115814_T35MRT,1.457
COPERNICUS/S2/20160712T082816_20160712T115623_T35MQT,72.972
COPERNICUS/S2/20160712T082816_20160712T115623_T35MRT,72.972
COPERNICUS/S2/20160722T080612_20160722T082655_T35MQT,14.145
COPERNICUS/S2/20160722T082655_20160722T115748_T35MQT,41.449
COPERNICUS/S2/20160722T082655_20160722T115748_T35MRT,41.449
COPERNICUS/S2/20160801T081012_20160801T082958_T35MQT,10.284
COPERNICUS/S2/20160801T081012_20160801T082958_T35MRT,28.51
COPERNICUS/S2/20160801T082958_20160801T115729_T35MQT,37.75
COPERNICUS/S2/20160801T082958_20160801T115729_T35MRT,37.75
COPERNICUS/S2/20160811T080612_20160811T082534_T35MQT,1.035
COPERNICUS/S2/20160811T080612_20160811T082534_T35MRT,0
COPERNICUS/S2/20160811T080612_20160811T115739_T35MQT,1.037
COPERNICUS/S2/20160811T080612_20160811T115739_T35MRT,1.037
COPERNICUS/S2/20160821T081002_20160821T082952_T35MQT,0.338
COPERNICUS/S2/20160821T081002_20160821T082952_T35MRT,0
COPERNICUS/S2/20160821T081002_20160821T115725_T35MQT,5.381
COPERNICUS/S2/20160821T081002_20160821T115725_T35MRT,5.381
COPERNICUS/S2/20160831T080612_20160831T082520_T35MQT,2.989
COPERNICUS/S2/20160831T080612_20160831T082520_T35MRT,0.002
COPERNICUS/S2/20160831T080612_20160831T115736_T35MQT,8.306
COPERNICUS/S2/20160831T080612_20160831T115736_T35MRT,8.306
COPERNICUS/S2/20160910T081002_20160910T082509_T35MQT,26.437
COPERNICUS/S2/20160910T081002_20160910T082509_T35MRT,7.305
COPERNICUS/S2/20160910T081002_20160910T115131_T35MQT,53.364
COPERNICUS/S2/20160910T081002_20160910T115131_T35MRT,53.364
COPERNICUS/S2/20160920T080612_20160920T082528_T35MQT,12.952
COPERNICUS/S2/20160920T080612_20160920T082528_T35MRT,2.112
COPERNICUS/S2/20160920T080612_20160920T115751_T35MQT,17.69
COPERNICUS/S2/20160920T080612_20160920T115751_T35MRT,17.69
COPERNICUS/S2/20160930T081002_20160930T082540_T35MQT,23.872
COPERNICUS/S2/20160930T081002_20160930T082540_T35MRT,32.368
COPERNICUS/S2/20160930T081002_20160930T115144_T35MQT,23.872
COPERNICUS/S2/20160930T081002_20160930T115144_T35MRT,32.368
COPERNICUS/S2/20161010T080842_20161010T082711_T35MQT,97.417
COPERNICUS/S2/20161010T080842_20161010T082711_T35MRT,97.564
COPERNICUS/S2/20161010T080842_20161010T115736_T35MQT,97.417
COPERNICUS/S2/20161010T080842_20161010T115736_T35MRT,97.564
COPERNICUS/S2/20161020T081002_20161020T082713_T35MQT,77.463
COPERNICUS/S2/20161020T081002_20161020T082713_T35MRT,12.732
COPERNICUS/S2/20161020T081002_20161020T133339_T35MQT,77.463
COPERNICUS/S2/20161020T081002_20161020T133339_T35MRT,12.732
COPERNICUS/S2/20161030T081042_20161030T083032_T35MQT,87.031
COPERNICUS/S2/20161030T081042_20161030T083032_T35MRT,87.165
COPERNICUS/S2/20161030T081042_20161030T133508_T35MQT,87.031
COPERNICUS/S2/20161030T081042_20161030T133508_T35MRT,87.165
COPERNICUS/S2/20161109T081142_20161109T083015_T35MQT,47.198
COPERNICUS/S2/20161109T081142_20161109T083015_T35MRT,79.95
COPERNICUS/S2/20161109T081142_20161109T115131_T35MQT,47.198
COPERNICUS/S2/20161109T081142_20161109T115131_T35MRT,79.95
COPERNICUS/S2/20161119T081232_20161119T083004_T35MQT,80.22
COPERNICUS/S2/20161119T081232_20161119T083004_T35MRT,99.601
COPERNICUS/S2/20161119T081232_20161119T133501_T35MQT,80.22
COPERNICUS/S2/20161119T081232_20161119T133501_T35MRT,99.601
COPERNICUS/S2/20161129T081302_20161129T082536_T35MQT,73.652
COPERNICUS/S2/20161129T081302_20161129T082536_T35MRT,80.718
COPERNICUS/S2/20161129T081302_20161129T115139_T35MQT,73.652
COPERNICUS/S2/20161129T081302_20161129T115139_T35MRT,80.718
COPERNICUS/S2/20161209T081332_20161209T082354_T35MQT,17.534
COPERNICUS/S2/20161209T081332_20161209T082354_T35MRT,16.111
COPERNICUS/S2/20161219T081332_20161219T082051_T35MQT,23.746
COPERNICUS/S2/20161219T081332_20161219T082051_T35MRT,48.449
COPERNICUS/S2/20161229T081332_20161229T082442_T35MQT,74.261
COPERNICUS/S2/20161229T081332_20161229T082442_T35MRT,52.201
COPERNICUS/S2/20170108T081311_20170108T082804_T35MQT,37
COPERNICUS/S2/20170108T081311_20170108T082804_T35MRT,74.129
COPERNICUS/S2/20170118T081241_20170118T081845_T35MQT,99.44
COPERNICUS/S2/20170118T081241_20170118T081845_T35MRT,96.942
COPERNICUS/S2/20170128T081201_20170128T082546_T35MQT,98.668
COPERNICUS/S2/20170128T081201_20170128T082546_T35MRT,99.448
COPERNICUS/S2/20170207T081111_20170207T082724_T35MQT,8.847
COPERNICUS/S2/20170207T081111_20170207T082724_T35MRT,7.717
COPERNICUS/S2/20170217T081001_20170217T082743_T35MQT,99.64
COPERNICUS/S2/20170217T081001_20170217T082743_T35MRT,100
COPERNICUS/S2/20170227T081001_20170227T082827_T35MQT,99.98
COPERNICUS/S2/20170227T081001_20170227T082827_T35MRT,100
COPERNICUS/S2/20170309T080741_20170309T082709_T35MQT,92.959
COPERNICUS/S2/20170309T080741_20170309T082709_T35MRT,82.753
COPERNICUS/S2/20170319T080951_20170319T082659_T35MQT,81.448
COPERNICUS/S2/20170319T080951_20170319T082659_T35MRT,93.158
COPERNICUS/S2/20170329T080601_20170329T082208_T35MQT,90.31
COPERNICUS/S2/20170329T080601_20170329T082208_T35MRT,91.636
COPERNICUS/S2/20170408T081001_20170408T082535_T35MQT,99.862
COPERNICUS/S2/20170408T081001_20170408T082535_T35MRT,99.299
COPERNICUS/S2/20170418T080611_20170418T082958_T35MQT,76.253
COPERNICUS/S2/20170418T080611_20170418T082958_T35MRT,91.828
COPERNICUS/S2/20170428T081011_20170428T082529_T35MQT,98.461
COPERNICUS/S2/20170428T081011_20170428T082529_T35MRT,93.584
COPERNICUS/S2/20170508T080611_20170508T082932_T35MQT,73.758
COPERNICUS/S2/20170508T080611_20170508T082932_T35MRT,86.556
COPERNICUS/S2/20170518T081011_20170518T082540_T35MQT,74.848
COPERNICUS/S2/20170518T081011_20170518T082540_T35MRT,84.648
COPERNICUS/S2/20170528T080611_20170528T082853_T35MQT,9.614
COPERNICUS/S2/20170528T080611_20170528T082853_T35MRT,6.817
COPERNICUS/S2/20170607T081001_20170607T082824_T35MQT,10.796
COPERNICUS/S2/20170607T081001_20170607T082824_T35MRT,1.652
COPERNICUS/S2/20170617T080611_20170617T082908_T35MQT,84.246
COPERNICUS/S2/20170617T080611_20170617T082908_T35MRT,78.149
COPERNICUS/S2/20170627T081001_20170627T082535_T35MQT,17.286
COPERNICUS/S2/20170627T081001_20170627T082535_T35MRT,1.389
COPERNICUS/S2/20170702T081009_20170702T082404_T35MQT,6.648
COPERNICUS/S2/20170702T081009_20170702T082404_T35MRT,0.003
COPERNICUS/S2/20170707T080611_20170707T082640_T35MQT,92.706
COPERNICUS/S2/20170707T080611_20170707T082640_T35MRT,85.675
COPERNICUS/S2/20170712T081009_20170712T082537_T35MQT,12.275
COPERNICUS/S2/20170712T081009_20170712T082537_T35MRT,8.926
COPERNICUS/S2/20170717T081001_20170717T082534_T35MQT,51.214
COPERNICUS/S2/20170717T081001_20170717T082534_T35MRT,70.232
COPERNICUS/S2/20170722T080609_20170722T082803_T35MQT,45.215
COPERNICUS/S2/20170722T080609_20170722T082803_T35MRT,69.109
COPERNICUS/S2/20170727T080611_20170727T082750_T35MQT,5.912
COPERNICUS/S2/20170727T080611_20170727T082750_T35MRT,7.093
COPERNICUS/S2/20170801T080959_20170801T082536_T35MQT,36.268
COPERNICUS/S2/20170801T080959_20170801T082536_T35MRT,24.502
COPERNICUS/S2/20170806T081001_20170806T082647_T35MQT,87.182
COPERNICUS/S2/20170806T081001_20170806T082647_T35MRT,32.211
COPERNICUS/S2/20170811T080609_20170811T082754_T35MQT,80.029
COPERNICUS/S2/20170811T080609_20170811T082754_T35MRT,56.917
COPERNICUS/S2/20170816T080611_20170816T082518_T35MQT,72.192
COPERNICUS/S2/20170816T080611_20170816T082518_T35MRT,18.722
COPERNICUS/S2/20170821T080959_20170821T082855_T35MQT,27.916
COPERNICUS/S2/20170821T080959_20170821T082855_T35MRT,8.274
COPERNICUS/S2/20170826T081001_20170826T082816_T35MQT,34.799
COPERNICUS/S2/20170826T081001_20170826T082816_T35MRT,74.179
COPERNICUS/S2/20170831T080559_20170831T082511_T35MQT,22.265
COPERNICUS/S2/20170831T080559_20170831T082511_T35MRT,5.621
COPERNICUS/S2/20170905T080611_20170905T082657_T35MQT,28.933
COPERNICUS/S2/20170905T080611_20170905T082657_T35MRT,13.546
COPERNICUS/S2/20170910T080959_20170910T082630_T35MQT,38.886
COPERNICUS/S2/20170910T080959_20170910T082630_T35MRT,24.094
COPERNICUS/S2/20170915T081001_20170915T082647_T35MQT,87.043
COPERNICUS/S2/20170915T081001_20170915T082647_T35MRT,50.036
COPERNICUS/S2/20170920T080609_20170920T082527_T35MQT,78.301
COPERNICUS/S2/20170920T080609_20170920T082527_T35MRT,53.726
COPERNICUS/S2/20170925T080651_20170925T082705_T35MQT,35.12
COPERNICUS/S2/20170925T080651_20170925T082705_T35MRT,28.189
COPERNICUS/S2/20170930T080949_20170930T082637_T35MQT,50.115
COPERNICUS/S2/20170930T080949_20170930T082637_T35MRT,44.722
COPERNICUS/S2/20171005T081001_20171005T082742_T35MQT,39.576
COPERNICUS/S2/20171005T081001_20171005T082742_T35MRT,32.494
COPERNICUS/S2/20171010T080829_20171010T082952_T35MQT,94.878
COPERNICUS/S2/20171010T080829_20171010T082952_T35MRT,96.259
COPERNICUS/S2/20171015T080911_20171015T082611_T35MQT,56.655
COPERNICUS/S2/20171015T080911_20171015T082611_T35MRT,69.244
COPERNICUS/S2/20171020T080949_20171020T081821_T35MQT,98.859
COPERNICUS/S2/20171020T080949_20171020T081821_T35MRT,97.239
COPERNICUS/S2/20171025T081021_20171025T082517_T35MQT,85.669
COPERNICUS/S2/20171025T081021_20171025T082517_T35MRT,97.942
COPERNICUS/S2/20171030T081039_20171030T082101_T35MQT,80.189
COPERNICUS/S2/20171030T081039_20171030T082101_T35MRT,69.131
COPERNICUS/S2/20171104T081111_20171104T082333_T35MQT,96.996
COPERNICUS/S2/20171104T081111_20171104T082333_T35MRT,82.649
COPERNICUS/S2/20171109T081129_20171109T082846_T35MQT,56.011
COPERNICUS/S2/20171109T081129_20171109T082846_T35MRT,51.704
COPERNICUS/S2/20171114T081201_20171114T082710_T35MQT,58.248
COPERNICUS/S2/20171114T081201_20171114T082710_T35MRT,21.707
COPERNICUS/S2/20171119T081219_20171119T083017_T35MQT,48.259
COPERNICUS/S2/20171119T081219_20171119T083017_T35MRT,23.764
COPERNICUS/S2/20171124T081241_20171124T082809_T35MQT,70.069
COPERNICUS/S2/20171124T081241_20171124T082809_T35MRT,44.953
COPERNICUS/S2/20171129T081249_20171129T082200_T35MQT,46.546
COPERNICUS/S2/20171129T081249_20171129T082200_T35MRT,54.002
COPERNICUS/S2/20171204T081311_20171204T082902_T35MQT,30.012
COPERNICUS/S2/20171204T081311_20171204T082902_T35MRT,25.925
COPERNICUS/S2/20171209T081319_20171209T082848_T35MQT,86.169
COPERNICUS/S2/20171209T081319_20171209T082848_T35MRT,59.742
COPERNICUS/S2/20171214T081331_20171214T082022_T35MQT,15.762
COPERNICUS/S2/20171214T081331_20171214T082022_T35MRT,18.314
COPERNICUS/S2/20171219T081329_20171219T082356_T35MQT,64.573
COPERNICUS/S2/20171219T081329_20171219T082356_T35MRT,55.304
COPERNICUS/S2/20171224T081341_20171224T083014_T35MQT,99.519
COPERNICUS/S2/20171224T081341_20171224T083014_T35MRT,98.555
COPERNICUS/S2/20171229T081329_20171229T082109_T35MQT,46
COPERNICUS/S2/20171229T081329_20171229T082109_T35MRT,15.556
COPERNICUS/S2/20180103T081321_20180103T082004_T35MQT,99.358
COPERNICUS/S2/20180103T081321_20180103T082004_T35MRT,96.31
COPERNICUS/S2/20180108T081319_20180108T082301_T35MQT,95.051
COPERNICUS/S2/20180108T081319_20180108T082301_T35MRT,98.156
COPERNICUS/S2/20180113T081301_20180113T081810_T35MQT,96.695
COPERNICUS/S2/20180113T081301_20180113T081810_T35MRT,99.888
COPERNICUS/S2/20180113T081301_20180113T083041_T35MQT,100
COPERNICUS/S2/20180113T081301_20180113T083041_T35MRT,100
COPERNICUS/S2/20180118T081249_20180118T081909_T35MQT,33.398
COPERNICUS/S2/20180118T081249_20180118T081909_T35MRT,44.021
COPERNICUS/S2/20180118T081249_20180118T083042_T35MQT,55.235
COPERNICUS/S2/20180118T081249_20180118T083042_T35MRT,73.75
COPERNICUS/S2/20180123T081231_20180123T082818_T35MQT,75.176
COPERNICUS/S2/20180123T081231_20180123T082818_T35MRT,47.58
COPERNICUS/S2/20180128T081159_20180128T083020_T35MQT,26.357
COPERNICUS/S2/20180128T081159_20180128T083020_T35MRT,7.441
COPERNICUS/S2/20180207T081109_20180207T081823_T35MQT,67.624
COPERNICUS/S2/20180207T081109_20180207T081823_T35MRT,99.395
COPERNICUS/S2/20180212T081041_20180212T081912_T35MQT,99.114
COPERNICUS/S2/20180212T081041_20180212T081912_T35MRT,94.459
COPERNICUS/S2/20180217T081009_20180217T082309_T35MQT,62.344
COPERNICUS/S2/20180217T081009_20180217T082309_T35MRT,4.484
COPERNICUS/S2/20180222T080931_20180222T082913_T35MQT,97.306
COPERNICUS/S2/20180222T080931_20180222T082913_T35MRT,76.385
COPERNICUS/S2/20180227T080849_20180227T082557_T35MQT,90.214
COPERNICUS/S2/20180227T080849_20180227T082557_T35MRT,88.35
COPERNICUS/S2/20180304T080821_20180304T082249_T35MQT,17.747
COPERNICUS/S2/20180304T080821_20180304T082249_T35MRT,12.627
COPERNICUS/S2/20180309T080739_20180309T082359_T35MQT,34.71
COPERNICUS/S2/20180309T080739_20180309T082359_T35MRT,1.358
COPERNICUS/S2/20180314T080711_20180314T082031_T35MQT,32.031
COPERNICUS/S2/20180314T080711_20180314T082031_T35MRT,16.814
COPERNICUS/S2/20180319T080629_20180319T082842_T35MQT,99.799
COPERNICUS/S2/20180319T080629_20180319T082842_T35MRT,99.739
COPERNICUS/S2/20180324T080601_20180324T082424_T35MQT,94.293
COPERNICUS/S2/20180324T080601_20180324T082424_T35MRT,96.719
COPERNICUS/S2/20180329T080559_20180329T082154_T35MQT,66.112
COPERNICUS/S2/20180329T080559_20180329T082154_T35MRT,64.267
COPERNICUS/S2/20180408T080609_20180408T082224_T35MQT,93.274
COPERNICUS/S2/20180408T080609_20180408T082224_T35MRT,90.218
COPERNICUS/S2/20180413T080611_20180413T082532_T35MQT,97.539
COPERNICUS/S2/20180413T080611_20180413T082532_T35MRT,95.44
COPERNICUS/S2/20180418T080609_20180418T082359_T35MQT,40.076
COPERNICUS/S2/20180418T080609_20180418T082359_T35MRT,46.786
COPERNICUS/S2/20180423T080611_20180423T082410_T35MQT,77.352
COPERNICUS/S2/20180423T080611_20180423T082410_T35MRT,31.805
COPERNICUS/S2/20180428T080609_20180428T082642_T35MQT,57.27
COPERNICUS/S2/20180428T080609_20180428T082642_T35MRT,49.253
COPERNICUS/S2/20180503T080611_20180503T082527_T35MQT,66.163
COPERNICUS/S2/20180503T080611_20180503T082527_T35MRT,61.94
COPERNICUS/S2/20180508T080609_20180508T082740_T35MQT,34.455
COPERNICUS/S2/20180508T080609_20180508T082740_T35MRT,21.123
COPERNICUS/S2/20180513T080611_20180513T082013_T35MQT,33.294
COPERNICUS/S2/20180513T080611_20180513T082013_T35MRT,37.626
COPERNICUS/S2/20180518T080609_20180518T081556_T35MQT,52.572
COPERNICUS/S2/20180518T080609_20180518T081556_T35MRT,27.739
COPERNICUS/S2/20180523T080711_20180523T082720_T35MQT,43.443
COPERNICUS/S2/20180523T080711_20180523T082720_T35MRT,26.093
COPERNICUS/S2/20180602T081011_20180602T082512_T35MQT,28.094
COPERNICUS/S2/20180602T081011_20180602T082512_T35MRT,42.897
COPERNICUS/S2/20180607T080609_20180607T082305_T35MQT,55.224
COPERNICUS/S2/20180607T080609_20180607T082305_T35MRT,41.328
COPERNICUS/S2/20180612T080611_20180612T082541_T35MQT,2.979
COPERNICUS/S2/20180612T080611_20180612T082541_T35MRT,0.016
COPERNICUS/S2/20180617T080609_20180617T082555_T35MQT,1.65
COPERNICUS/S2/20180617T080609_20180617T082555_T35MRT,0.185
COPERNICUS/S2/20180622T080611_20180622T082423_T35MQT,96.615
COPERNICUS/S2/20180622T080611_20180622T082423_T35MRT,78.201
COPERNICUS/S2/20180627T080609_20180627T082516_T35MQT,51.554
COPERNICUS/S2/20180627T080609_20180627T082516_T35MRT,62.059
COPERNICUS/S2/20180702T080611_20180702T082232_T35MQT,6.971
COPERNICUS/S2/20180702T080611_20180702T082232_T35MRT,0.919
COPERNICUS/S2/20180707T080609_20180707T082024_T35MQT,15.791
COPERNICUS/S2/20180707T080609_20180707T082024_T35MRT,7.786
COPERNICUS/S2/20180712T080611_20180712T082710_T35MQT,34.933
COPERNICUS/S2/20180712T080611_20180712T082710_T35MRT,31.825
COPERNICUS/S2/20180717T080609_20180717T082247_T35MQT,29.388
COPERNICUS/S2/20180717T080609_20180717T082247_T35MRT,7.221
COPERNICUS/S2/20180722T080611_20180722T082232_T35MQT,71.451
COPERNICUS/S2/20180722T080611_20180722T082232_T35MRT,27.071
COPERNICUS/S2/20180727T080609_20180727T082655_T35MQT,91.389
COPERNICUS/S2/20180727T080609_20180727T082655_T35MRT,78.748
COPERNICUS/S2/20180801T080711_20180801T082616_T35MQT,85.135
COPERNICUS/S2/20180801T080711_20180801T082616_T35MRT,29.874
COPERNICUS/S2/20180806T080559_20180806T082133_T35MQT,88.312
COPERNICUS/S2/20180806T080559_20180806T082133_T35MRT,58.432
COPERNICUS/S2/20180811T080611_20180811T082459_T35MQT,1.899
COPERNICUS/S2/20180811T080611_20180811T082459_T35MRT,9.253
COPERNICUS/S2/20180816T080559_20180816T082305_T35MQT,0.487
COPERNICUS/S2/20180816T080559_20180816T082305_T35MRT,0
COPERNICUS/S2/20180821T080611_20180821T082324_T35MQT,98.565
COPERNICUS/S2/20180821T080611_20180821T082324_T35MRT,99.31
COPERNICUS/S2/20180826T080559_20180826T082920_T35MQT,57.65
COPERNICUS/S2/20180826T080559_20180826T082920_T35MRT,68.27
COPERNICUS/S2/20180831T080601_20180831T082243_T35MQT,73.473
COPERNICUS/S2/20180831T080601_20180831T082243_T35MRT,36.221
COPERNICUS/S2/20180905T080559_20180905T082859_T35MQT,46.737
COPERNICUS/S2/20180905T080559_20180905T082859_T35MRT,83.371
COPERNICUS/S2/20180910T080601_20180910T082814_T35MQT,22.256
COPERNICUS/S2/20180910T080601_20180910T082814_T35MRT,39.661
COPERNICUS/S2/20180915T080559_20180915T081817_T35MQT,24.333
COPERNICUS/S2/20180915T080559_20180915T081817_T35MRT,2.514
COPERNICUS/S2/20180920T080611_20180920T082203_T35MQT,67.668
COPERNICUS/S2/20180920T080611_20180920T082203_T35MRT,69.471
COPERNICUS/S2/20180925T080649_20180925T082252_T35MQT,55.343
COPERNICUS/S2/20180925T080649_20180925T082252_T35MRT,58.038
COPERNICUS/S2/20180930T080721_20180930T082558_T35MQT,47.402
COPERNICUS/S2/20180930T080721_20180930T082558_T35MRT,50.51
COPERNICUS/S2/20181005T080759_20181005T082932_T35MQT,78.478
COPERNICUS/S2/20181005T080759_20181005T082932_T35MRT,54.025
COPERNICUS/S2/20181010T080831_20181010T082416_T35MQT,94.106
COPERNICUS/S2/20181010T080831_20181010T082416_T35MRT,92.618
COPERNICUS/S2/20181015T080909_20181015T082517_T35MQT,13.45
COPERNICUS/S2/20181015T080909_20181015T082517_T35MRT,17.688
COPERNICUS/S2/20181020T080941_20181020T081830_T35MQT,23.893
COPERNICUS/S2/20181020T080941_20181020T081830_T35MRT,10.787
COPERNICUS/S2/20181025T081009_20181025T082105_T35MQT,93.459
COPERNICUS/S2/20181025T081009_20181025T082105_T35MRT,89.399
COPERNICUS/S2/20181030T081041_20181030T082011_T35MQT,58.823
COPERNICUS/S2/20181030T081041_20181030T082011_T35MRT,71.627
COPERNICUS/S2/20181104T081109_20181104T082106_T35MQT,68.345
COPERNICUS/S2/20181104T081109_20181104T082106_T35MRT,78.172
COPERNICUS/S2/20181109T081141_20181109T081341_T35MQT,98.781
COPERNICUS/S2/20181109T081141_20181109T081341_T35MRT,95.917
COPERNICUS/S2/20181114T082329_20181114T082935_T35MQT,83.449
COPERNICUS/S2/20181114T082329_20181114T082935_T35MRT,94.683
COPERNICUS/S2/20181119T081221_20181119T081744_T35MQT,7.444
COPERNICUS/S2/20181119T081221_20181119T081744_T35MRT,2.705
COPERNICUS/S2/20181124T081249_20181124T082405_T35MQT,99.932
COPERNICUS/S2/20181124T081249_20181124T082405_T35MRT,95.86
COPERNICUS/S2/20181129T081251_20181129T082025_T35MQT,69.603
COPERNICUS/S2/20181129T081251_20181129T082025_T35MRT,46.451
COPERNICUS/S2/20181204T081309_20181204T082950_T35MQT,64.862
COPERNICUS/S2/20181204T081309_20181204T082950_T35MRT,92.85
COPERNICUS/S2/20181209T081321_20181209T082050_T35MQT,99.504
COPERNICUS/S2/20181209T081321_20181209T082050_T35MRT,99.542
COPERNICUS/S2/20181214T081329_20181214T082636_T35MQT,50.889
COPERNICUS/S2/20181214T081329_20181214T082636_T35MRT,19.104
COPERNICUS/S2/20181219T081331_20181219T082906_T35MQT,84.262
COPERNICUS/S2/20181219T081331_20181219T082906_T35MRT,52.537
COPERNICUS/S2/20181224T081339_20181224T082803_T35MQT,89.534
COPERNICUS/S2/20181224T081339_20181224T082803_T35MRT,75.657
COPERNICUS/S2/20181229T081331_20181229T082102_T35MQT,19.475
COPERNICUS/S2/20181229T081331_20181229T082102_T35MRT,17.989
COPERNICUS/S2/20190103T081329_20190103T081915_T35MQT,33.153
COPERNICUS/S2/20190103T081329_20190103T081915_T35MRT,20.63
COPERNICUS/S2/20190103T081329_20190103T083048_T35MQT,29.182
COPERNICUS/S2/20190103T081329_20190103T083048_T35MRT,55.106
COPERNICUS/S2/20190108T081321_20190108T082903_T35MQT,35.696
COPERNICUS/S2/20190108T081321_20190108T082903_T35MRT,62.791
COPERNICUS/S2/20190113T081309_20190113T082654_T35MQT,14.447
COPERNICUS/S2/20190113T081309_20190113T082654_T35MRT,6.522
COPERNICUS/S2/20190118T081251_20190118T083028_T35MQT,89.428
COPERNICUS/S2/20190118T081251_20190118T083028_T35MRT,99.943
COPERNICUS/S2/20190123T081229_20190123T082148_T35MQT,25.735
COPERNICUS/S2/20190123T081229_20190123T082148_T35MRT,7.107
COPERNICUS/S2/20190128T081211_20190128T082008_T35MQT,12.938
COPERNICUS/S2/20190128T081211_20190128T082008_T35MRT,4.136
COPERNICUS/S2/20190202T081149_20190202T082305_T35MQT,34.678
COPERNICUS/S2/20190202T081149_20190202T082305_T35MRT,54.308
COPERNICUS/S2/20190207T081111_20190207T082327_T35MQT,44.793
COPERNICUS/S2/20190207T081111_20190207T082327_T35MRT,81.481
COPERNICUS/S2/20190212T081049_20190212T082506_T35MQT,37.006
COPERNICUS/S2/20190212T081049_20190212T082506_T35MRT,66.162
COPERNICUS/S2/20190217T081011_20190217T082206_T35MQT,98.07
COPERNICUS/S2/20190217T081011_20190217T082206_T35MRT,97.337
COPERNICUS/S2/20190222T080939_20190222T082031_T35MQT,98.265
COPERNICUS/S2/20190222T080939_20190222T082031_T35MRT,99.081
COPERNICUS/S2/20190227T080901_20190227T082227_T35MQT,12.413
COPERNICUS/S2/20190227T080901_20190227T082227_T35MRT,2.982
COPERNICUS/S2/20190304T080829_20190304T081831_T35MQT,21.586
COPERNICUS/S2/20190304T080829_20190304T081831_T35MRT,80.101
COPERNICUS/S2/20190309T080751_20190309T082548_T35MQT,16.39
COPERNICUS/S2/20190309T080751_20190309T082548_T35MRT,8.643
COPERNICUS/S2/20190314T080709_20190314T082011_T35MQT,81.762
COPERNICUS/S2/20190314T080709_20190314T082011_T35MRT,97.299
COPERNICUS/S2/20190319T080641_20190319T082102_T35MQT,9.213
COPERNICUS/S2/20190319T080641_20190319T082102_T35MRT,6.683
COPERNICUS/S2/20190324T080609_20190324T082506_T35MQT,96.405
COPERNICUS/S2/20190324T080609_20190324T082506_T35MRT,97.129
COPERNICUS/S2/20190324T080609_20190324T083045_T35MQT,99.591
COPERNICUS/S2/20190324T080609_20190324T083045_T35MRT,97.45
COPERNICUS/S2/20190329T080611_20190329T082339_T35MQT,0.847
COPERNICUS/S2/20190329T080611_20190329T082339_T35MRT,13.876
COPERNICUS/S2/20190403T080609_20190403T083005_T35MQT,16.527
COPERNICUS/S2/20190403T080609_20190403T083005_T35MRT,19.676
COPERNICUS/S2/20190408T080611_20190408T082805_T35MQT,63.578
COPERNICUS/S2/20190408T080611_20190408T082805_T35MRT,6.667
COPERNICUS/S2/20190413T080609_20190413T081946_T35MQT,96.944
COPERNICUS/S2/20190413T080609_20190413T081946_T35MRT,95.478
COPERNICUS/S2/20190418T080611_20190418T082918_T35MQT,70.446
COPERNICUS/S2/20190418T080611_20190418T082918_T35MRT,20.651
COPERNICUS/S2/20190423T080619_20190423T082824_T35MQT,96.917
COPERNICUS/S2/20190423T080619_20190423T082824_T35MRT,82.589
COPERNICUS/S2/20190428T080611_20190428T082018_T35MQT,25.144
COPERNICUS/S2/20190428T080611_20190428T082018_T35MRT,24.076
COPERNICUS/S2/20190503T080619_20190503T082152_T35MQT,22.999
COPERNICUS/S2/20190503T080619_20190503T082152_T35MRT,33.307
COPERNICUS/S2/20190508T080611_20190508T082803_T35MQT,68.227
COPERNICUS/S2/20190508T080611_20190508T082803_T35MRT,67.244
COPERNICUS/S2/20190513T080619_20190513T082037_T35MQT,81.32
COPERNICUS/S2/20190513T080619_20190513T082037_T35MRT,89.385
COPERNICUS/S2/20190518T080611_20190518T083038_T35MQT,98.433
COPERNICUS/S2/20190518T080611_20190518T083038_T35MRT,97.365
COPERNICUS/S2/20190523T080619_20190523T082327_T35MQT,91.425
COPERNICUS/S2/20190523T080619_20190523T082327_T35MRT,82.529
COPERNICUS/S2/20190528T080611_20190528T082205_T35MQT,98.027
COPERNICUS/S2/20190528T080611_20190528T082205_T35MRT,90.445
COPERNICUS/S2/20190602T080619_20190602T082156_T35MQT,97.612
COPERNICUS/S2/20190602T080619_20190602T082156_T35MRT,83.704
COPERNICUS/S2/20190607T080611_20190607T082808_T35MQT,98.895
COPERNICUS/S2/20190607T080611_20190607T082808_T35MRT,98.485
COPERNICUS/S2/20190612T080619_20190612T081952_T35MQT,18.371
COPERNICUS/S2/20190612T080619_20190612T081952_T35MRT,4.684
COPERNICUS/S2/20190612T080619_20190612T083052_T35MQT,27.131
COPERNICUS/S2/20190612T080619_20190612T083052_T35MRT,3.179
COPERNICUS/S2/20190617T080611_20190617T082933_T35MQT,41.229
COPERNICUS/S2/20190617T080611_20190617T082933_T35MRT,21.97
COPERNICUS/S2/20190622T080619_20190622T082829_T35MQT,39.194
COPERNICUS/S2/20190622T080619_20190622T082829_T35MRT,46.238
COPERNICUS/S2/20190627T080611_20190627T082424_T35MQT,98.886
COPERNICUS/S2/20190627T080611_20190627T082424_T35MRT,66.934
COPERNICUS/S2/20190702T080619_20190702T082153_T35MQT,0.013
COPERNICUS/S2/20190702T080619_20190702T082153_T35MRT,0
COPERNICUS/S2/20190707T080611_20190707T082728_T35MQT,99.971
COPERNICUS/S2/20190707T080611_20190707T082728_T35MRT,99.449
COPERNICUS/S2/20190712T080619_20190712T083051_T35MQT,62.446
COPERNICUS/S2/20190712T080619_20190712T083051_T35MRT,50.498
COPERNICUS/S2/20190717T080611_20190717T082239_T35MQT,17.389
COPERNICUS/S2/20190717T080611_20190717T082239_T35MRT,1.99
COPERNICUS/S2/20190722T080619_20190722T082743_T35MQT,3.579
COPERNICUS/S2/20190722T080619_20190722T082743_T35MRT,5.868
COPERNICUS/S2/20190727T080611_20190727T082120_T35MQT,1.052
COPERNICUS/S2/20190727T080611_20190727T082120_T35MRT,0.134
COPERNICUS/S2/20190801T080619_20190801T082101_T35MQT,76.263
COPERNICUS/S2/20190801T080619_20190801T082101_T35MRT,94.988
COPERNICUS/S2/20190806T080611_20190806T082810_T35MQT,0.338
COPERNICUS/S2/20190806T080611_20190806T082810_T35MRT,0.048
COPERNICUS/S2/20190811T080619_20190811T082415_T35MQT,48.06
COPERNICUS/S2/20190811T080619_20190811T082415_T35MRT,53.205
COPERNICUS/S2/20190816T080611_20190816T082505_T35MQT,11.041
COPERNICUS/S2/20190816T080611_20190816T082505_T35MRT,4.899
COPERNICUS/S2/20190821T080609_20190821T082149_T35MQT,16.923
COPERNICUS/S2/20190821T080609_20190821T082149_T35MRT,63.494
COPERNICUS/S2/20190826T080611_20190826T082939_T35MQT,64.093
COPERNICUS/S2/20190826T080611_20190826T082939_T35MRT,34.141
COPERNICUS/S2/20190831T080609_20190831T082937_T35MQT,39.057
COPERNICUS/S2/20190831T080609_20190831T082937_T35MRT,40.092
COPERNICUS/S2/20190905T080611_20190905T082303_T35MQT,27.009
COPERNICUS/S2/20190905T080611_20190905T082303_T35MRT,20.396
COPERNICUS/S2/20190910T080609_20190910T081913_T35MQT,30.125
COPERNICUS/S2/20190910T080609_20190910T081913_T35MRT,58.334
COPERNICUS/S2/20190915T080611_20190915T082516_T35MQT,5.801
COPERNICUS/S2/20190915T080611_20190915T082516_T35MRT,1.989
COPERNICUS/S2/20190920T080609_20190920T082657_T35MQT,47.046
COPERNICUS/S2/20190920T080609_20190920T082657_T35MRT,52.439
COPERNICUS/S2/20190925T080651_20190925T082626_T35MQT,97.307
COPERNICUS/S2/20190925T080651_20190925T082626_T35MRT,78.139
COPERNICUS/S2/20190930T080729_20190930T082148_T35MQT,99.752
COPERNICUS/S2/20190930T080729_20190930T082148_T35MRT,100
COPERNICUS/S2/20191005T080801_20191005T082645_T35MQT,23.27
COPERNICUS/S2/20191005T080801_20191005T082645_T35MRT,38.828
COPERNICUS/S2/20191010T080839_20191010T082215_T35MQT,92.87
COPERNICUS/S2/20191010T080839_20191010T082215_T35MRT,88.863
COPERNICUS/S2/20191015T080911_20191015T081349_T35MQT,49.312
COPERNICUS/S2/20191015T080911_20191015T081349_T35MRT,23.939
COPERNICUS/S2/20191025T081021_20191025T082626_T35MQT,85.815
COPERNICUS/S2/20191025T081021_20191025T082626_T35MRT,54.002
COPERNICUS/S2/20191030T081009_20191030T082935_T35MQT,98.777
COPERNICUS/S2/20191030T081009_20191030T082935_T35MRT,91.904
COPERNICUS/S2/20191104T081121_20191104T082016_T35MQT,98.236
COPERNICUS/S2/20191104T081121_20191104T082016_T35MRT,95.274
COPERNICUS/S2/20191109T081049_20191109T083006_T35MQT,40.743
COPERNICUS/S2/20191109T081049_20191109T083006_T35MRT,19.103
COPERNICUS/S2/20191114T081211_20191114T082016_T35MQT,92.583
COPERNICUS/S2/20191114T081211_20191114T082016_T35MRT,94.447
COPERNICUS/S2/20191119T081129_20191119T081918_T35MQT,98.888
COPERNICUS/S2/20191119T081129_20191119T081918_T35MRT,98.245
COPERNICUS/S2/20191124T081251_20191124T082900_T35MQT,98.474
COPERNICUS/S2/20191124T081251_20191124T082900_T35MRT,100
COPERNICUS/S2/20191129T081209_20191129T082803_T35MQT,94.959
COPERNICUS/S2/20191129T081209_20191129T082803_T35MRT,95.605
COPERNICUS/S2/20191204T081311_20191204T082045_T35MQT,90.457
COPERNICUS/S2/20191204T081311_20191204T082045_T35MRT,92.818
COPERNICUS/S2/20191209T081229_20191209T082722_T35MQT,97.655
COPERNICUS/S2/20191209T081229_20191209T082722_T35MRT,93.557
COPERNICUS/S2/20191214T081331_20191214T082101_T35MQT,10.753
COPERNICUS/S2/20191214T081331_20191214T082101_T35MRT,8.25
COPERNICUS/S2/20191219T081239_20191219T081912_T35MQT,70.222
COPERNICUS/S2/20191219T081239_20191219T081912_T35MRT,23.025
COPERNICUS/S2/20191224T081341_20191224T082110_T35MQT,39.009
COPERNICUS/S2/20191224T081341_20191224T082110_T35MRT,25.343
COPERNICUS/S2/20191229T081239_20191229T081908_T35MQT,78.195
COPERNICUS/S2/20191229T081239_20191229T081908_T35MRT,38.901
COPERNICUS/S2/20191229T081239_20191229T083040_T35MQT,73.787
COPERNICUS/S2/20191229T081239_20191229T083040_T35MRT,79.636
COPERNICUS/S2/20200103T081331_20200103T082058_T35MQT,34.088
COPERNICUS/S2/20200103T081331_20200103T082058_T35MRT,90.616
COPERNICUS/S2/20200108T081219_20200108T082705_T35MQT,99.877
COPERNICUS/S2/20200108T081219_20200108T082705_T35MRT,98.574
COPERNICUS/S2/20200113T081301_20200113T082034_T35MQT,39.634
COPERNICUS/S2/20200113T081301_20200113T082034_T35MRT,55.829
COPERNICUS/S2/20200118T081149_20200118T082102_T35MQT,96.386
COPERNICUS/S2/20200118T081149_20200118T082102_T35MRT,60.534
COPERNICUS/S2/20200123T081231_20200123T082246_T35MQT,55.732
COPERNICUS/S2/20200123T081231_20200123T082246_T35MRT,76.273
COPERNICUS/S2/20200128T081109_20200128T082134_T35MQT,99.955
COPERNICUS/S2/20200128T081109_20200128T082134_T35MRT,99.683
COPERNICUS/S2/20200202T081141_20200202T082006_T35MQT,83.094
COPERNICUS/S2/20200202T081141_20200202T082006_T35MRT,69.475
COPERNICUS/S2/20200207T081019_20200207T082819_T35MQT,24.873
COPERNICUS/S2/20200207T081019_20200207T082819_T35MRT,6.018
COPERNICUS/S2/20200212T081041_20200212T082004_T35MQT,36.178
COPERNICUS/S2/20200212T081041_20200212T082004_T35MRT,19.152
COPERNICUS/S2/20200217T080959_20200217T082126_T35MQT,62.046
COPERNICUS/S2/20200217T080959_20200217T082126_T35MRT,25.459
COPERNICUS/S2/20200222T080931_20200222T082541_T35MQT,97.853
COPERNICUS/S2/20200222T080931_20200222T082541_T35MRT,75.743
COPERNICUS/S2/20200227T080859_20200227T082855_T35MQT,95.995
COPERNICUS/S2/20200227T080859_20200227T082855_T35MRT,99.466
COPERNICUS/S2/20200303T080831_20200303T081336_T35MQT,76.199
COPERNICUS/S2/20200303T080831_20200303T081336_T35MRT,2.045
COPERNICUS/S2/20200308T080749_20200308T082627_T35MQT,91.602
COPERNICUS/S2/20200308T080749_20200308T082627_T35MRT,92.926
COPERNICUS/S2/20200313T080711_20200313T081213_T35MQT,97.134
COPERNICUS/S2/20200313T080711_20200313T081213_T35MRT,95.136
COPERNICUS/S2/20200313T080711_20200313T083045_T35MQT,98.907
COPERNICUS/S2/20200313T080711_20200313T083045_T35MRT,99.722
COPERNICUS/S2/20200318T080639_20200318T082123_T35MQT,98.822
COPERNICUS/S2/20200318T080639_20200318T082123_T35MRT,99.813
COPERNICUS/S2/20200323T080601_20200323T082843_T35MQT,11.886
COPERNICUS/S2/20200323T080601_20200323T082843_T35MRT,16.066
COPERNICUS/S2/20200328T080609_20200328T082703_T35MQT,91.186
COPERNICUS/S2/20200328T080609_20200328T082703_T35MRT,75.797
COPERNICUS/S2/20200402T080601_20200402T082817_T35MQT,68.368
COPERNICUS/S2/20200402T080601_20200402T082817_T35MRT,48.442
COPERNICUS/S2/20200407T080609_20200407T082847_T35MQT,49.123
COPERNICUS/S2/20200407T080609_20200407T082847_T35MRT,38.908
COPERNICUS/S2/20200412T080611_20200412T082932_T35MQT,99.353
COPERNICUS/S2/20200412T080611_20200412T082932_T35MRT,97.649
COPERNICUS/S2/20200417T080559_20200417T082754_T35MQT,98.61
COPERNICUS/S2/20200417T080559_20200417T082754_T35MRT,93.819
COPERNICUS/S2/20200422T080611_20200422T082942_T35MQT,100
COPERNICUS/S2/20200422T080611_20200422T082942_T35MRT,99.565
COPERNICUS/S2/20200427T080559_20200427T083015_T35MQT,93.951
COPERNICUS/S2/20200427T080559_20200427T083015_T35MRT,93.811
COPERNICUS/S2/20200502T080611_20200502T082752_T35MQT,96.653
COPERNICUS/S2/20200502T080611_20200502T082752_T35MRT,92.452
COPERNICUS/S2/20200507T080609_20200507T083040_T35MQT,75.897
COPERNICUS/S2/20200507T080609_20200507T083040_T35MRT,61.282
COPERNICUS/S2/20200512T080611_20200512T082938_T35MQT,91.991
COPERNICUS/S2/20200512T080611_20200512T082938_T35MRT,87.778
COPERNICUS/S2/20200517T080609_20200517T082709_T35MQT,82.561
COPERNICUS/S2/20200517T080609_20200517T082709_T35MRT,72.734
COPERNICUS/S2/20200522T080611_20200522T082903_T35MQT,87.264
COPERNICUS/S2/20200522T080611_20200522T082903_T35MRT,57.682
COPERNICUS/S2/20200527T080609_20200527T083043_T35MQT,16.171
COPERNICUS/S2/20200527T080609_20200527T083043_T35MRT,6.826
COPERNICUS/S2/20200601T080611_20200601T082835_T35MQT,12.706
COPERNICUS/S2/20200601T080611_20200601T082835_T35MRT,5.146
COPERNICUS/S2/20200606T080609_20200606T081947_T35MQT,4.683
COPERNICUS/S2/20200606T080609_20200606T081947_T35MRT,1.696
COPERNICUS/S2/20200606T080609_20200606T083047_T35MQT,7.4
COPERNICUS/S2/20200606T080609_20200606T083047_T35MRT,3.325
COPERNICUS/S2/20200611T080611_20200611T082940_T35MQT,99.997
COPERNICUS/S2/20200611T080611_20200611T082940_T35MRT,94.554
COPERNICUS/S2/20200616T080609_20200616T082831_T35MQT,83.048
COPERNICUS/S2/20200616T080609_20200616T082831_T35MRT,53.218
COPERNICUS/S2/20200621T080611_20200621T082729_T35MQT,86.149
COPERNICUS/S2/20200621T080611_20200621T082729_T35MRT,29.626
COPERNICUS/S2/20200626T080609_20200626T083030_T35MQT,93.319
COPERNICUS/S2/20200626T080609_20200626T083030_T35MRT,51.851
COPERNICUS/S2/20200701T080611_20200701T082515_T35MQT,97.117
COPERNICUS/S2/20200701T080611_20200701T082515_T35MRT,98.84
COPERNICUS/S2/20200706T080609_20200706T081947_T35MQT,97.713
COPERNICUS/S2/20200706T080609_20200706T081947_T35MRT,36.324
COPERNICUS/S2/20200706T080609_20200706T083047_T35MQT,90.852
COPERNICUS/S2/20200706T080609_20200706T083047_T35MRT,23.916
COPERNICUS/S2/20200711T080611_20200711T082937_T35MQT,94.987
COPERNICUS/S2/20200711T080611_20200711T082937_T35MRT,82.334
COPERNICUS/S2/20200716T080609_20200716T082254_T35MQT,92.668
COPERNICUS/S2/20200716T080609_20200716T082254_T35MRT,95.403
COPERNICUS/S2/20200721T080611_20200721T082902_T35MQT,71.781
COPERNICUS/S2/20200721T080611_20200721T082902_T35MRT,15.184
COPERNICUS/S2/20200726T080609_20200726T082005_T35MQT,4.353
COPERNICUS/S2/20200726T080609_20200726T082005_T35MRT,0.8
COPERNICUS/S2/20200731T080611_20200731T081835_T35MQT,18.71
COPERNICUS/S2/20200731T080611_20200731T081835_T35MRT,3.29
COPERNICUS/S2/20200805T080609_20200805T082046_T35MQT,38.482
COPERNICUS/S2/20200805T080609_20200805T082046_T35MRT,0.433
COPERNICUS/S2/20200810T080611_20200810T081940_T35MQT,47.146
COPERNICUS/S2/20200810T080611_20200810T081940_T35MRT,54.88
COPERNICUS/S2/20200815T080609_20200815T083035_T35MQT,41.949
COPERNICUS/S2/20200815T080609_20200815T083035_T35MRT,45.158
COPERNICUS/S2/20200820T080611_20200820T082204_T35MQT,92.257
COPERNICUS/S2/20200820T080611_20200820T082204_T35MRT,78.483
COPERNICUS/S2/20200825T080609_20200825T082845_T35MQT,88.802
COPERNICUS/S2/20200825T080609_20200825T082845_T35MRT,96.145
COPERNICUS/S2/20200830T080611_20200830T081241_T35MQT,19.578
COPERNICUS/S2/20200830T080611_20200830T081241_T35MRT,18.676
COPERNICUS/S2/20200904T080609_20200904T083034_T35MQT,10.05
COPERNICUS/S2/20200904T080609_20200904T083034_T35MRT,35.445
COPERNICUS/S2/20200909T080611_20200909T081240_T35MQT,62.015
COPERNICUS/S2/20200909T080611_20200909T081240_T35MRT,60.04
COPERNICUS/S2/20200914T080609_20200914T083033_T35MQT,18.466
COPERNICUS/S2/20200914T080609_20200914T083033_T35MRT,12.796
COPERNICUS/S2/20200919T080621_20200919T081243_T35MQT,70.089
COPERNICUS/S2/20200919T080621_20200919T081243_T35MRT,33.196
COPERNICUS/S2/20200924T080649_20200924T082823_T35MQT,55.924
COPERNICUS/S2/20200924T080649_20200924T082823_T35MRT,22.424
COPERNICUS/S2/20200929T080731_20200929T081242_T35MQT,99.389
COPERNICUS/S2/20200929T080731_20200929T081242_T35MRT,96.429
COPERNICUS/S2/20201004T080759_20201004T083035_T35MQT,62.319
COPERNICUS/S2/20201004T080759_20201004T083035_T35MRT,76.642
COPERNICUS/S2/20201009T080841_20201009T081242_T35MQT,80.898
COPERNICUS/S2/20201009T080841_20201009T081242_T35MRT,44.291
COPERNICUS/S2/20201014T080909_20201014T082521_T35MQT,69.873
COPERNICUS/S2/20201014T080909_20201014T082521_T35MRT,99.486
COPERNICUS/S2/20201019T080951_20201019T081242_T35MQT,54.02
COPERNICUS/S2/20201019T080951_20201019T081242_T35MRT,15.857
COPERNICUS/S2/20201024T081009_20201024T082920_T35MQT,5.814
COPERNICUS/S2/20201024T081009_20201024T082920_T35MRT,9.152
COPERNICUS/S2/20201029T081051_20201029T081241_T35MQT,99.774
COPERNICUS/S2/20201029T081051_20201029T081241_T35MRT,94.973
COPERNICUS/S2/20201103T081109_20201103T082520_T35MQT,37.154
COPERNICUS/S2/20201103T081109_20201103T082520_T35MRT,38.704
COPERNICUS/S2/20201108T081141_20201108T081240_T35MQT,66.551
COPERNICUS/S2/20201108T081141_20201108T081240_T35MRT,57.319
COPERNICUS/S2/20201113T081209_20201113T082518_T35MQT,34.167
COPERNICUS/S2/20201113T081209_20201113T082518_T35MRT,53.558
COPERNICUS/S2/20201118T081231_20201118T081239_T35MQT,89.587
COPERNICUS/S2/20201118T081231_20201118T081239_T35MRT,58.427
COPERNICUS/S2/20201123T081249_20201123T083007_T35MQT,8.994
COPERNICUS/S2/20201123T081249_20201123T083007_T35MRT,10.614
COPERNICUS/S2/20201128T081301_20201128T081302_T35MQT,49.124
COPERNICUS/S2/20201128T081301_20201128T081302_T35MRT,63.211
COPERNICUS/S2/20201203T081319_20201203T082556_T35MQT,97.252
COPERNICUS/S2/20201203T081319_20201203T082556_T35MRT,92.429
COPERNICUS/S2/20201208T081321_20201208T081324_T35MQT,49.017
COPERNICUS/S2/20201208T081321_20201208T081324_T35MRT,59.216
COPERNICUS/S2/20201213T081239_20201213T082518_T35MQT,65.44
COPERNICUS/S2/20201213T081239_20201213T082518_T35MRT,20.371
COPERNICUS/S2/20201218T081341_20201218T081338_T35MQT,92.596
COPERNICUS/S2/20201218T081341_20201218T081338_T35MRT,81.851
COPERNICUS/S2/20201223T081249_20201223T082922_T35MQT,25.703
COPERNICUS/S2/20201223T081249_20201223T082922_T35MRT,66.362
COPERNICUS/S2/20201228T081341_20201228T081338_T35MQT,65.145
COPERNICUS/S2/20201228T081341_20201228T081338_T35MRT,25.318
